{
  "batch_size": 128,
  "clip_range": 0.2842178815268706,
  "ent_coef": 0.005852111598540442,
  "gae_lambda": 0.9157096670284404,
  "gamma": 0.9726821611656982,
  "learning_rate": 2.6801041151339436e-05,
  "n_steps": 512,
  "total_timesteps": 100000
}