{
  "batch_size": 32,
  "clip_range": 0.26739584513009856,
  "ent_coef": 8.816217112167696e-05,
  "gae_lambda": 0.986928019711881,
  "gamma": 0.9861468965584184,
  "learning_rate": 2.665270947343933e-05,
  "n_steps": 1024,
  "total_timesteps": 100000
}