{
  "batch_size": 64,
  "clip_range": 0.20988385891912367,
  "ent_coef": 9.955994658703373e-05,
  "gae_lambda": 0.9430299950081139,
  "gamma": 0.9932474371693022,
  "learning_rate": 0.0009418184425728942,
  "n_steps": 1024,
  "total_timesteps": 500000
}