{
  "batch_size": 128,
  "clip_range": 0.23174422345692677,
  "ent_coef": 2.7341814254725075e-06,
  "gae_lambda": 0.9227079486795671,
  "gamma": 0.9902639864268326,
  "learning_rate": 4.8306503821391157e-05,
  "n_steps": 128,
  "total_timesteps": 100000
}