{
  "batch_size": 64,
  "clip_range": 0.23867623788489692,
  "ent_coef": 7.402275261474339e-06,
  "gae_lambda": 0.9280561552698706,
  "gamma": 0.9873665419328237,
  "learning_rate": 3.6257397070154435e-05,
  "n_steps": 1024,
  "total_timesteps": 100000
}