{
  "batch_size": 128,
  "clip_range": 0.2999644476073371,
  "ent_coef": 0.0001638187412666621,
  "gae_lambda": 0.9570422668456817,
  "gamma": 0.9939872669491973,
  "learning_rate": 0.00010302572224765742,
  "n_steps": 512,
  "total_timesteps": 500000
}