{
  "batch_size": 64,
  "clip_range": 0.27862549078690985,
  "ent_coef": 0.005653122645149228,
  "gae_lambda": 0.9493151933729811,
  "gamma": 0.9643642783367977,
  "learning_rate": 1.0768713800597173e-05,
  "n_steps": 256,
  "total_timesteps": 100000
}