{
  "batch_size": 32,
  "clip_range": 0.1155276285110598,
  "ent_coef": 0.009835750957800619,
  "gae_lambda": 0.9618057193870948,
  "gamma": 0.9713100789981598,
  "learning_rate": 0.00012795918932964013,
  "n_steps": 1024,
  "total_timesteps": 100000
}