{
  "batch_size": 128,
  "clip_range": 0.21820729494491647,
  "ent_coef": 0.00014603437843396555,
  "gae_lambda": 0.9136147398066754,
  "gamma": 0.9702258041697384,
  "learning_rate": 1.2971671044891009e-05,
  "n_steps": 1024,
  "total_timesteps": 100000
}