{
  "batch_size": 128,
  "clip_range": 0.12193174919705056,
  "ent_coef": 2.279076747987274e-05,
  "gae_lambda": 0.9852427960061565,
  "gamma": 0.9829798805057919,
  "learning_rate": 0.0002125579269459588,
  "n_steps": 1024,
  "total_timesteps": 500000
}