{
  "batch_size": 64,
  "clip_range": 0.11481222931587581,
  "ent_coef": 2.1577515198335405e-06,
  "gae_lambda": 0.9552305825797522,
  "gamma": 0.9828186310473045,
  "learning_rate": 0.00014469918348853101,
  "n_steps": 512,
  "total_timesteps": 100000
}