{
  "batch_size": 128,
  "clip_range": 0.16542298146743367,
  "ent_coef": 0.0002541310719363685,
  "gae_lambda": 0.9164950732646728,
  "gamma": 0.9700325323689479,
  "learning_rate": 1.1179466384359542e-05,
  "n_steps": 512,
  "total_timesteps": 100000
}