{
  "batch_size": 128,
  "clip_range": 0.16668047237633077,
  "ent_coef": 0.008238720250076059,
  "gae_lambda": 0.9596986871839173,
  "gamma": 0.9641625214636695,
  "learning_rate": 2.332261171064916e-05,
  "n_steps": 512,
  "total_timesteps": 100000
}