{
  "batch_size": 32,
  "clip_range": 0.11420826939055449,
  "ent_coef": 0.0011313729138164499,
  "gae_lambda": 0.964468179652491,
  "gamma": 0.996725947830438,
  "learning_rate": 0.000736676139553189,
  "n_steps": 128,
  "total_timesteps": 100000
}