{
  "batch_size": 64,
  "clip_range": 0.2822775866392989,
  "ent_coef": 0.008454803087491929,
  "gae_lambda": 0.9413751916278266,
  "gamma": 0.977778550975506,
  "learning_rate": 0.000434860865170356,
  "n_steps": 256,
  "total_timesteps": 500000
}