{
  "batch_size": 64,
  "clip_range": 0.17045355768964715,
  "ent_coef": 1.027109246565732e-05,
  "gae_lambda": 0.9213365474743345,
  "gamma": 0.981264621388222,
  "learning_rate": 0.0007451922832591682,
  "n_steps": 1024,
  "total_timesteps": 500000
}