{
  "batch_size": 128,
  "clip_range": 0.17663389402402543,
  "ent_coef": 0.0016130907257252847,
  "gae_lambda": 0.9251088120123049,
  "gamma": 0.9715281535145732,
  "learning_rate": 7.890127599032392e-05,
  "n_steps": 1024,
  "total_timesteps": 100000
}