{
  "batch_size": 32,
  "clip_range": 0.10766022550233623,
  "ent_coef": 6.104464774903007e-06,
  "gae_lambda": 0.9220334103465568,
  "gamma": 0.997559366877951,
  "learning_rate": 0.0004529967016723927,
  "n_steps": 128,
  "total_timesteps": 100000
}