{
  "batch_size": 128,
  "clip_range": 0.2883921392501237,
  "ent_coef": 0.00017775344944268576,
  "gae_lambda": 0.9399688865542699,
  "gamma": 0.9907626015214925,
  "learning_rate": 0.00015303323556835365,
  "n_steps": 512,
  "total_timesteps": 500000
}