{
  "batch_size": 64,
  "clip_range": 0.26177300069937776,
  "ent_coef": 1.6140964058943293e-06,
  "gae_lambda": 0.9015497334148043,
  "gamma": 0.9581513620606008,
  "learning_rate": 0.0006322960635155078,
  "n_steps": 256,
  "total_timesteps": 100000
}