{
  "batch_size": 64,
  "clip_range": 0.1194227967237406,
  "ent_coef": 7.2897800880617485e-06,
  "gae_lambda": 0.9089456428171035,
  "gamma": 0.9856039667322002,
  "learning_rate": 1.4579117521605188e-05,
  "n_steps": 128,
  "total_timesteps": 100000
}