{
  "batch_size": 64,
  "clip_range": 0.20301674443539,
  "ent_coef": 0.0024238565244598382,
  "gae_lambda": 0.9348976893052853,
  "gamma": 0.9793552609866676,
  "learning_rate": 0.0009461632833434124,
  "n_steps": 512,
  "total_timesteps": 100000
}