{
  "batch_size": 128,
  "clip_range": 0.28041573460711944,
  "ent_coef": 1.700335508352651e-05,
  "gae_lambda": 0.9804137088447752,
  "gamma": 0.965218287217409,
  "learning_rate": 0.0006031718394758274,
  "n_steps": 256,
  "total_timesteps": 500000
}