{
  "batch_size": 32,
  "clip_range": 0.27324235070667996,
  "ent_coef": 0.002605688576766252,
  "gae_lambda": 0.9573137228061107,
  "gamma": 0.9899439646186576,
  "learning_rate": 0.00012480190285189333,
  "n_steps": 256,
  "total_timesteps": 100000
}