{
  "batch_size": 64,
  "clip_range": 0.17751272471521667,
  "ent_coef": 1.578508978053878e-06,
  "gae_lambda": 0.9705046400192865,
  "gamma": 0.9786547672043037,
  "learning_rate": 0.0005694473308050911,
  "n_steps": 256,
  "total_timesteps": 100000
}