{
  "batch_size": 64,
  "clip_range": 0.2522917382379476,
  "ent_coef": 0.000937360715420531,
  "gae_lambda": 0.9475387558635852,
  "gamma": 0.9934354612241922,
  "learning_rate": 0.0003596448747888766,
  "n_steps": 512,
  "total_timesteps": 500000
}