{
  "batch_size": 128,
  "clip_range": 0.25348299124808327,
  "ent_coef": 6.806897754941404e-05,
  "gae_lambda": 0.988231591752776,
  "gamma": 0.9540283684283345,
  "learning_rate": 1.282852517897105e-05,
  "n_steps": 512,
  "total_timesteps": 100000
}