{
  "batch_size": 64,
  "clip_range": 0.27862576655342436,
  "ent_coef": 1.0626296276032418e-06,
  "gae_lambda": 0.9627210021482174,
  "gamma": 0.9658984028438073,
  "learning_rate": 3.3998892570430424e-05,
  "n_steps": 128,
  "total_timesteps": 100000
}