{
  "batch_size": 64,
  "clip_range": 0.2619739067402881,
  "ent_coef": 0.00011332992030124485,
  "gae_lambda": 0.9653322457825322,
  "gamma": 0.99528055168809,
  "learning_rate": 0.0006913588178012045,
  "n_steps": 2048,
  "total_timesteps": 500000
}