{
  "batch_size": 32,
  "clip_range": 0.24086363958826645,
  "ent_coef": 0.0002041585055881778,
  "gae_lambda": 0.9124889030939348,
  "gamma": 0.9603931223338622,
  "learning_rate": 1.0332656128519325e-05,
  "n_steps": 1024,
  "total_timesteps": 100000
}