{
  "batch_size": 128,
  "clip_range": 0.16853846067195027,
  "ent_coef": 2.7788026089493186e-06,
  "gae_lambda": 0.9567907128616869,
  "gamma": 0.9732071784090001,
  "learning_rate": 8.202287145813946e-05,
  "n_steps": 1024,
  "total_timesteps": 100000
}