{
  "batch_size": 32,
  "clip_range": 0.2393794202976447,
  "ent_coef": 1.2790833872000437e-06,
  "gae_lambda": 0.9021293554953019,
  "gamma": 0.9809635857083255,
  "learning_rate": 1.3747187657859538e-05,
  "n_steps": 256,
  "total_timesteps": 100000
}