{
  "batch_size": 128,
  "clip_range": 0.29986975331476773,
  "ent_coef": 7.138597404436496e-05,
  "gae_lambda": 0.9725080929431116,
  "gamma": 0.9986271777211504,
  "learning_rate": 1.8403469240101124e-05,
  "n_steps": 1024,
  "total_timesteps": 500000
}