{
  "batch_size": 128,
  "clip_range": 0.17336464012964264,
  "ent_coef": 1.0402309884631044e-05,
  "gae_lambda": 0.9644889725414583,
  "gamma": 0.9951689705699953,
  "learning_rate": 0.00021837777120766212,
  "n_steps": 2048,
  "total_timesteps": 500000
}