{
  "batch_size": 64,
  "clip_range": 0.12431772929042346,
  "ent_coef": 0.004530059110081952,
  "gae_lambda": 0.9491827274556199,
  "gamma": 0.9542030586707484,
  "learning_rate": 1.0403289984695412e-05,
  "n_steps": 512,
  "total_timesteps": 100000
}