{
  "batch_size": 128,
  "clip_range": 0.217605734948005,
  "ent_coef": 5.3763806811807e-05,
  "gae_lambda": 0.9360962298907848,
  "gamma": 0.9878161637395982,
  "learning_rate": 0.00041791598431324965,
  "n_steps": 1024,
  "total_timesteps": 100000
}