{
  "batch_size": 128,
  "clip_range": 0.12575599373621713,
  "ent_coef": 4.068673035034537e-05,
  "gae_lambda": 0.9566441411610389,
  "gamma": 0.9981031256340506,
  "learning_rate": 6.229499614038033e-05,
  "n_steps": 2048,
  "total_timesteps": 500000
}