{
  "batch_size": 64,
  "clip_range": 0.19385415827751773,
  "ent_coef": 0.0034264508638652226,
  "gae_lambda": 0.902033746966521,
  "gamma": 0.9504535673517348,
  "learning_rate": 1.1473527684823824e-05,
  "n_steps": 512,
  "total_timesteps": 100000
}