{
  "batch_size": 128,
  "clip_range": 0.2983693335340269,
  "ent_coef": 0.00013609487998749126,
  "gae_lambda": 0.9237499436397767,
  "gamma": 0.9804309254961403,
  "learning_rate": 8.223487857000249e-05,
  "n_steps": 2048,
  "total_timesteps": 500000
}