{
  "batch_size": 128,
  "clip_range": 0.1404584359567174,
  "ent_coef": 2.133814759110198e-05,
  "gae_lambda": 0.9793609880578481,
  "gamma": 0.9980285745550691,
  "learning_rate": 3.552773806898171e-05,
  "n_steps": 1024,
  "total_timesteps": 100000
}