{
  "batch_size": 32,
  "clip_range": 0.2580832771015101,
  "ent_coef": 3.1113663674059e-05,
  "gae_lambda": 0.9561976154889212,
  "gamma": 0.9895064676200421,
  "learning_rate": 3.6946657209008726e-05,
  "n_steps": 128,
  "total_timesteps": 100000
}