{
  "batch_size": 128,
  "clip_range": 0.22027017929864626,
  "ent_coef": 0.0024373434528168684,
  "gae_lambda": 0.9704634113078274,
  "gamma": 0.9686237540571504,
  "learning_rate": 1.3087275649648283e-05,
  "n_steps": 1024,
  "total_timesteps": 100000
}