{
  "batch_size": 128,
  "clip_range": 0.19508560851103918,
  "ent_coef": 7.121385194196828e-05,
  "gae_lambda": 0.9654016000442807,
  "gamma": 0.9844218613887803,
  "learning_rate": 5.760066665154113e-05,
  "n_steps": 512,
  "total_timesteps": 500000
}