{
  "batch_size": 32,
  "clip_range": 0.10217828880415769,
  "ent_coef": 5.267100857758376e-06,
  "gae_lambda": 0.9818667258231166,
  "gamma": 0.9845570236256728,
  "learning_rate": 1.3992565968011976e-05,
  "n_steps": 1024,
  "total_timesteps": 500000
}