{
  "batch_size": 64,
  "clip_range": 0.20539597307783244,
  "ent_coef": 1.0980385038954095e-06,
  "gae_lambda": 0.9702299636222412,
  "gamma": 0.9685675371742849,
  "learning_rate": 5.170857556868044e-05,
  "n_steps": 1024,
  "total_timesteps": 100000
}