{
  "batch_size": 128,
  "clip_range": 0.14988276037831627,
  "ent_coef": 1.0278096157746927e-05,
  "gae_lambda": 0.9051608490348753,
  "gamma": 0.9869637523828225,
  "learning_rate": 3.1346404739230765e-05,
  "n_steps": 2048,
  "total_timesteps": 500000
}