{
  "batch_size": 128,
  "clip_range": 0.23886882517989796,
  "ent_coef": 0.005068745392832877,
  "gae_lambda": 0.9523459740605723,
  "gamma": 0.9680912308033962,
  "learning_rate": 0.00012760296693765152,
  "n_steps": 256,
  "total_timesteps": 100000
}