{
  "batch_size": 64,
  "clip_range": 0.24303628138457214,
  "ent_coef": 4.780823371919584e-05,
  "gae_lambda": 0.9567490935117138,
  "gamma": 0.9589256556354946,
  "learning_rate": 2.0655496584477177e-05,
  "n_steps": 128,
  "total_timesteps": 100000
}