{
  "batch_size": 32,
  "clip_range": 0.16248403156743987,
  "ent_coef": 0.002598069563123504,
  "gae_lambda": 0.9659070475951587,
  "gamma": 0.9741087372794999,
  "learning_rate": 9.410562948571221e-05,
  "n_steps": 256,
  "total_timesteps": 100000
}