{
  "batch_size": 32,
  "clip_range": 0.1392257605901806,
  "ent_coef": 0.00012598591847001552,
  "gae_lambda": 0.9638103594644903,
  "gamma": 0.9713153775249729,
  "learning_rate": 7.094002740181137e-05,
  "n_steps": 512,
  "total_timesteps": 100000
}