{
  "batch_size": 32,
  "clip_range": 0.17073717983311526,
  "ent_coef": 0.0014260126617903924,
  "gae_lambda": 0.9002959671035744,
  "gamma": 0.9545224635774003,
  "learning_rate": 1.4380707774654982e-05,
  "n_steps": 256,
  "total_timesteps": 100000
}