{
  "batch_size": 128,
  "clip_range": 0.1385098796267156,
  "ent_coef": 0.00011703057924628989,
  "gae_lambda": 0.9198472362870863,
  "gamma": 0.9871089200405134,
  "learning_rate": 0.00024224372325629348,
  "n_steps": 1024,
  "total_timesteps": 500000
}