{
  "batch_size": 256,
  "clip_range": 0.18127304901722743,
  "ent_coef": 3.197610797364093e-05,
  "gae_lambda": 0.9619924014953872,
  "gamma": 0.9805282207923849,
  "learning_rate": 7.967941027185904e-05,
  "n_steps": 2048,
  "total_timesteps": 500000
}