{
  "batch_size": 128,
  "clip_range": 0.14381539615715794,
  "ent_coef": 1.8338303185555634e-06,
  "gae_lambda": 0.9670448460684138,
  "gamma": 0.9753164644206376,
  "learning_rate": 0.0006106494400815572,
  "n_steps": 128,
  "total_timesteps": 100000
}