{
  "batch_size": 256,
  "clip_range": 0.2337568185750647,
  "ent_coef": 0.00028363623064565457,
  "gae_lambda": 0.9862645961514526,
  "gamma": 0.9901802472960778,
  "learning_rate": 6.869270706643352e-05,
  "n_steps": 2048,
  "total_timesteps": 500000
}