{
  "batch_size": 64,
  "clip_range": 0.17269567573892547,
  "ent_coef": 0.006800188046132161,
  "gae_lambda": 0.9612843100804596,
  "gamma": 0.963629170671796,
  "learning_rate": 0.00038558191068702576,
  "n_steps": 1024,
  "total_timesteps": 100000
}