{
  "batch_size": 64,
  "clip_range": 0.12420107577292497,
  "ent_coef": 1.4123872630893003e-05,
  "gae_lambda": 0.9639233385977795,
  "gamma": 0.9894317119277208,
  "learning_rate": 1.6493438758687724e-05,
  "n_steps": 1024,
  "total_timesteps": 500000
}