{
  "batch_size": 32,
  "clip_range": 0.26544348449857064,
  "ent_coef": 0.00017789772263088235,
  "gae_lambda": 0.931567671834783,
  "gamma": 0.9613329156926806,
  "learning_rate": 0.00011654465329508636,
  "n_steps": 256,
  "total_timesteps": 100000
}