{
  "batch_size": 128,
  "clip_range": 0.278463336510186,
  "ent_coef": 0.002337392254361613,
  "gae_lambda": 0.9221351712389358,
  "gamma": 0.9588636069722304,
  "learning_rate": 1.5985353822515042e-05,
  "n_steps": 512,
  "total_timesteps": 100000
}