{
  "batch_size": 128,
  "clip_range": 0.18746231641801797,
  "ent_coef": 0.0008631131222681531,
  "gae_lambda": 0.9364424250273643,
  "gamma": 0.996729302821292,
  "learning_rate": 2.3160401452668748e-05,
  "n_steps": 512,
  "total_timesteps": 500000
}