{
  "batch_size": 64,
  "clip_range": 0.17009848828700047,
  "ent_coef": 6.003068324755937e-06,
  "gae_lambda": 0.9663044927461725,
  "gamma": 0.9972875674751869,
  "learning_rate": 0.00010473148284148165,
  "n_steps": 1024,
  "total_timesteps": 100000
}