{
  "batch_size": 256,
  "clip_range": 0.14474921651029513,
  "ent_coef": 9.101974407772844e-05,
  "gae_lambda": 0.9317098757670865,
  "gamma": 0.9869015092952728,
  "learning_rate": 0.00011143207912445613,
  "n_steps": 1024,
  "total_timesteps": 500000
}