{
  "batch_size": 32,
  "clip_range": 0.18227067499341607,
  "ent_coef": 0.008274248010473897,
  "gae_lambda": 0.9621247515430437,
  "gamma": 0.9969201332121583,
  "learning_rate": 2.0331772912207183e-05,
  "n_steps": 1024,
  "total_timesteps": 100000
}