{
  "batch_size": 128,
  "clip_range": 0.2190085376244794,
  "ent_coef": 6.548698591022049e-05,
  "gae_lambda": 0.9181739375466541,
  "gamma": 0.9707619130671227,
  "learning_rate": 3.539264774537542e-05,
  "n_steps": 1024,
  "total_timesteps": 100000
}