{
  "batch_size": 128,
  "clip_range": 0.12389086601702015,
  "ent_coef": 0.0032298226389877393,
  "gae_lambda": 0.9250036006179592,
  "gamma": 0.9844008418424176,
  "learning_rate": 2.58534369395747e-05,
  "n_steps": 256,
  "total_timesteps": 500000
}