{
  "batch_size": 64,
  "clip_range": 0.28745334147322726,
  "ent_coef": 0.0011951687953454663,
  "gae_lambda": 0.9492143765918577,
  "gamma": 0.989618246114824,
  "learning_rate": 0.0003292518729203093,
  "n_steps": 1024,
  "total_timesteps": 100000
}