{
  "batch_size": 64,
  "clip_range": 0.15886806378151846,
  "ent_coef": 1.1811897014913909e-05,
  "gae_lambda": 0.9069393861622858,
  "gamma": 0.9989656628699429,
  "learning_rate": 0.0006391552283385266,
  "n_steps": 2048,
  "total_timesteps": 500000
}