{
  "batch_size": 128,
  "clip_range": 0.24918430587646892,
  "ent_coef": 0.0023911529812648503,
  "gae_lambda": 0.9348985958431162,
  "gamma": 0.9789594516980084,
  "learning_rate": 2.300518681369843e-05,
  "n_steps": 256,
  "total_timesteps": 100000
}