{
  "batch_size": 128,
  "clip_range": 0.2953318027984856,
  "ent_coef": 7.008291797449938e-05,
  "gae_lambda": 0.9205465638446534,
  "gamma": 0.9822564185415535,
  "learning_rate": 7.042772913261893e-05,
  "n_steps": 512,
  "total_timesteps": 500000
}