{
  "batch_size": 128,
  "clip_range": 0.1741249255167511,
  "ent_coef": 5.288137614888176e-05,
  "gae_lambda": 0.9574537680479025,
  "gamma": 0.9793784116616437,
  "learning_rate": 0.0001393915133160665,
  "n_steps": 512,
  "total_timesteps": 100000
}