{
  "batch_size": 128,
  "clip_range": 0.23466796096043055,
  "ent_coef": 1.486454950076398e-05,
  "gae_lambda": 0.9587384497576263,
  "gamma": 0.9877004937293464,
  "learning_rate": 1.4111676272556971e-05,
  "n_steps": 1024,
  "total_timesteps": 500000
}