{
  "batch_size": 32,
  "clip_range": 0.17032487014638187,
  "ent_coef": 0.0010462231358659996,
  "gae_lambda": 0.9222068053860514,
  "gamma": 0.9596203606048883,
  "learning_rate": 0.00016951685515683777,
  "n_steps": 1024,
  "total_timesteps": 100000
}