{
  "batch_size": 32,
  "clip_range": 0.2680183337794758,
  "ent_coef": 0.00165655679135197,
  "gae_lambda": 0.9810069737869772,
  "gamma": 0.9550652279976451,
  "learning_rate": 0.0009438030471672377,
  "n_steps": 1024,
  "total_timesteps": 100000
}