{
  "batch_size": 32,
  "clip_range": 0.13337013927979385,
  "ent_coef": 1.2659681727220243e-05,
  "gae_lambda": 0.9284552839885196,
  "gamma": 0.9568514732461407,
  "learning_rate": 0.00031682686797524846,
  "n_steps": 256,
  "total_timesteps": 100000
}