{
  "batch_size": 64,
  "clip_range": 0.25749896130598415,
  "ent_coef": 2.578962194836171e-06,
  "gae_lambda": 0.9663058642963983,
  "gamma": 0.9878985764188453,
  "learning_rate": 0.00018186150638516095,
  "n_steps": 1024,
  "total_timesteps": 100000
}