{
  "batch_size": 128,
  "clip_range": 0.2278388976044137,
  "ent_coef": 4.738211430686274e-06,
  "gae_lambda": 0.9744938180498524,
  "gamma": 0.9754668573545329,
  "learning_rate": 0.0005014333310764961,
  "n_steps": 128,
  "total_timesteps": 100000
}