{
  "batch_size": 64,
  "clip_range": 0.26269492365499014,
  "ent_coef": 0.00031678556987036166,
  "gae_lambda": 0.9238949286889333,
  "gamma": 0.9778592003858412,
  "learning_rate": 0.0005005150146907738,
  "n_steps": 256,
  "total_timesteps": 100000
}