{
  "batch_size": 128,
  "clip_range": 0.2589141379189855,
  "ent_coef": 1.3375044085126473e-05,
  "gae_lambda": 0.9210811681873053,
  "gamma": 0.9815231680972544,
  "learning_rate": 2.400516980916509e-05,
  "n_steps": 1024,
  "total_timesteps": 100000
}