{
  "batch_size": 128,
  "clip_range": 0.20697998992248007,
  "ent_coef": 0.0075902109549681,
  "gae_lambda": 0.921741669428796,
  "gamma": 0.9939167729404195,
  "learning_rate": 6.244150884284019e-05,
  "n_steps": 1024,
  "total_timesteps": 100000
}