{
  "batch_size": 128,
  "clip_range": 0.20259148030063057,
  "ent_coef": 0.0001547998994022427,
  "gae_lambda": 0.9086002127498364,
  "gamma": 0.9893248857372572,
  "learning_rate": 0.00024218959489855852,
  "n_steps": 256,
  "total_timesteps": 100000
}