{
  "batch_size": 64,
  "clip_range": 0.14390328357332088,
  "ent_coef": 2.3528816980099415e-06,
  "gae_lambda": 0.9063938903909157,
  "gamma": 0.9629764697470647,
  "learning_rate": 5.055393944248767e-05,
  "n_steps": 128,
  "total_timesteps": 100000
}