{
  "batch_size": 32,
  "clip_range": 0.14117732554592563,
  "ent_coef": 3.311494647837162e-05,
  "gae_lambda": 0.9029398878272694,
  "gamma": 0.9982337683657724,
  "learning_rate": 0.0001385067947279896,
  "n_steps": 128,
  "total_timesteps": 100000
}