{
  "batch_size": 64,
  "clip_range": 0.2714544244382674,
  "ent_coef": 0.00783633741680852,
  "gae_lambda": 0.9749046877010668,
  "gamma": 0.9596797525759596,
  "learning_rate": 4.2707065881830654e-05,
  "n_steps": 512,
  "total_timesteps": 100000
}