{
  "batch_size": 128,
  "clip_range": 0.15702828329814558,
  "ent_coef": 1.0823053212264114e-06,
  "gae_lambda": 0.9187274968565295,
  "gamma": 0.9765108837935692,
  "learning_rate": 0.00020622641584829102,
  "n_steps": 256,
  "total_timesteps": 100000
}