{
  "batch_size": 128,
  "clip_range": 0.24868540852092177,
  "ent_coef": 8.280008550982645e-05,
  "gae_lambda": 0.9347189012620818,
  "gamma": 0.9899577663513816,
  "learning_rate": 0.0004259464491911062,
  "n_steps": 1024,
  "total_timesteps": 500000
}