{
  "batch_size": 128,
  "clip_range": 0.10316620619937378,
  "ent_coef": 0.0008177054595206712,
  "gae_lambda": 0.9180084763345324,
  "gamma": 0.9973189869780198,
  "learning_rate": 4.359078651499449e-05,
  "n_steps": 512,
  "total_timesteps": 500000
}