{
  "batch_size": 128,
  "clip_range": 0.19131695976949448,
  "ent_coef": 2.391297942405274e-06,
  "gae_lambda": 0.9515478559254109,
  "gamma": 0.9529052848012417,
  "learning_rate": 1.704397959798477e-05,
  "n_steps": 1024,
  "total_timesteps": 100000
}