{
  "batch_size": 32,
  "clip_range": 0.19995600738128239,
  "ent_coef": 1.499732747699313e-06,
  "gae_lambda": 0.9221724172970192,
  "gamma": 0.9712215402148434,
  "learning_rate": 1.1445646562482896e-05,
  "n_steps": 128,
  "total_timesteps": 100000
}