{
  "batch_size": 64,
  "clip_range": 0.20857103320350492,
  "ent_coef": 3.598293849494109e-05,
  "gae_lambda": 0.944392391020396,
  "gamma": 0.9645110681334391,
  "learning_rate": 0.00034712491508871756,
  "n_steps": 1024,
  "total_timesteps": 500000
}