{
  "batch_size": 64,
  "clip_range": 0.2550589640288491,
  "ent_coef": 6.160174602483059e-06,
  "gae_lambda": 0.9778030548791126,
  "gamma": 0.9733831662279109,
  "learning_rate": 0.0007383149808306804,
  "n_steps": 512,
  "total_timesteps": 500000
}