{
  "batch_size": 64,
  "clip_range": 0.12314391174865301,
  "ent_coef": 5.07996570136232e-06,
  "gae_lambda": 0.9135279796557155,
  "gamma": 0.9881471917805471,
  "learning_rate": 0.0009768404676769329,
  "n_steps": 256,
  "total_timesteps": 100000
}