{
  "batch_size": 128,
  "clip_range": 0.13701346486856797,
  "ent_coef": 0.004509759234245544,
  "gae_lambda": 0.9843714250197764,
  "gamma": 0.9807579141180075,
  "learning_rate": 0.00021332090845597036,
  "n_steps": 128,
  "total_timesteps": 100000
}