{
  "batch_size": 32,
  "clip_range": 0.11040062018371195,
  "ent_coef": 0.00020718092384407408,
  "gae_lambda": 0.9855514987704039,
  "gamma": 0.9732371394069552,
  "learning_rate": 0.0004880648850322819,
  "n_steps": 256,
  "total_timesteps": 100000
}