{
  "batch_size": 64,
  "clip_range": 0.10336457067556369,
  "ent_coef": 1.345635708563104e-06,
  "gae_lambda": 0.9811850065866627,
  "gamma": 0.9542004015392092,
  "learning_rate": 0.0001515415967979634,
  "n_steps": 256,
  "total_timesteps": 100000
}