{
  "batch_size": 32,
  "clip_range": 0.2705434210243525,
  "ent_coef": 9.456322133833301e-06,
  "gae_lambda": 0.927369079928114,
  "gamma": 0.9774657971947558,
  "learning_rate": 2.3503910316059165e-05,
  "n_steps": 1024,
  "total_timesteps": 100000
}