{
  "batch_size": 32,
  "clip_range": 0.21087083550083624,
  "ent_coef": 7.108621825703449e-05,
  "gae_lambda": 0.9449565258878406,
  "gamma": 0.9512586639591298,
  "learning_rate": 1.8513435892218862e-05,
  "n_steps": 512,
  "total_timesteps": 500000
}