{
  "batch_size": 64,
  "clip_range": 0.10953605650972704,
  "ent_coef": 0.0035585686132270705,
  "gae_lambda": 0.9693100526763685,
  "gamma": 0.9884010882947512,
  "learning_rate": 0.00012485682348698199,
  "n_steps": 512,
  "total_timesteps": 100000
}