{
  "batch_size": 64,
  "clip_range": 0.25526495221686824,
  "ent_coef": 0.00016324119768285932,
  "gae_lambda": 0.9298877656945093,
  "gamma": 0.973605192083696,
  "learning_rate": 0.000337662279566051,
  "n_steps": 1024,
  "total_timesteps": 100000
}