{
  "batch_size": 64,
  "clip_range": 0.28329463025337365,
  "ent_coef": 0.006839708116590825,
  "gae_lambda": 0.9343698553035249,
  "gamma": 0.9782404941793001,
  "learning_rate": 0.00031888257110752687,
  "n_steps": 256,
  "total_timesteps": 100000
}