{
  "batch_size": 64,
  "clip_range": 0.1333560493708162,
  "ent_coef": 0.009116114422036331,
  "gae_lambda": 0.989928400913673,
  "gamma": 0.9534886141540049,
  "learning_rate": 0.00019642003956716876,
  "n_steps": 128,
  "total_timesteps": 100000
}