{
  "batch_size": 256,
  "clip_range": 0.29641449174359863,
  "ent_coef": 2.2211844897048827e-05,
  "gae_lambda": 0.9535919942603173,
  "gamma": 0.9906203640324278,
  "learning_rate": 0.00031837037330898784,
  "n_steps": 2048,
  "total_timesteps": 500000
}