{
  "batch_size": 128,
  "clip_range": 0.24495933859300753,
  "ent_coef": 1.67526609565421e-05,
  "gae_lambda": 0.9582987246361087,
  "gamma": 0.9921356825998202,
  "learning_rate": 4.123345422615027e-05,
  "n_steps": 1024,
  "total_timesteps": 500000
}