{
  "batch_size": 64,
  "clip_range": 0.19941561205636377,
  "ent_coef": 2.9059830235190425e-05,
  "gae_lambda": 0.9168373488966449,
  "gamma": 0.9741698578775716,
  "learning_rate": 0.0008495500469254721,
  "n_steps": 1024,
  "total_timesteps": 100000
}