{
  "batch_size": 32,
  "clip_range": 0.2863105879051237,
  "ent_coef": 0.00013205738762665114,
  "gae_lambda": 0.9489196822858608,
  "gamma": 0.9875436493280996,
  "learning_rate": 0.0009505597366779016,
  "n_steps": 256,
  "total_timesteps": 100000
}