{
  "batch_size": 32,
  "clip_range": 0.1843887086835027,
  "ent_coef": 1.1402481857815912e-05,
  "gae_lambda": 0.9234758701332462,
  "gamma": 0.9787089345572926,
  "learning_rate": 1.2944076596818383e-05,
  "n_steps": 128,
  "total_timesteps": 100000
}