{
  "batch_size": 128,
  "clip_range": 0.23579562195062734,
  "ent_coef": 0.0020828407990432928,
  "gae_lambda": 0.9425443833653874,
  "gamma": 0.9762851395454344,
  "learning_rate": 9.073357843920879e-05,
  "n_steps": 512,
  "total_timesteps": 100000
}