{
  "batch_size": 32,
  "clip_range": 0.1592856629310359,
  "ent_coef": 9.881304481416244e-05,
  "gae_lambda": 0.9026287579281934,
  "gamma": 0.9516630572857526,
  "learning_rate": 0.0003964803000670662,
  "n_steps": 512,
  "total_timesteps": 100000
}