{
  "batch_size": 128,
  "clip_range": 0.181309743050343,
  "ent_coef": 5.82766235481627e-05,
  "gae_lambda": 0.9446126318666859,
  "gamma": 0.9864078605044888,
  "learning_rate": 1.000207504032523e-05,
  "n_steps": 1024,
  "total_timesteps": 500000
}