{
  "batch_size": 256,
  "clip_range": 0.12734112709428977,
  "ent_coef": 0.0004199500585636921,
  "gae_lambda": 0.911692055247831,
  "gamma": 0.985809480255559,
  "learning_rate": 0.00019614137701561363,
  "n_steps": 2048,
  "total_timesteps": 500000
}