{
  "batch_size": 128,
  "clip_range": 0.18189424399835666,
  "ent_coef": 0.009821852552144456,
  "gae_lambda": 0.9727193945061403,
  "gamma": 0.9648166111711876,
  "learning_rate": 3.188347548059907e-05,
  "n_steps": 256,
  "total_timesteps": 100000
}