{
  "batch_size": 32,
  "clip_range": 0.13039534739830225,
  "ent_coef": 0.0002258527915255376,
  "gae_lambda": 0.9449250188818221,
  "gamma": 0.9690176602504874,
  "learning_rate": 0.0006474066139019344,
  "n_steps": 256,
  "total_timesteps": 100000
}