{
  "batch_size": 32,
  "clip_range": 0.17684252429029584,
  "ent_coef": 0.00012018513493255652,
  "gae_lambda": 0.9490923785701403,
  "gamma": 0.9559300359450748,
  "learning_rate": 0.0004870447751976716,
  "n_steps": 256,
  "total_timesteps": 100000
}