{
  "batch_size": 32,
  "clip_range": 0.10531161989052867,
  "ent_coef": 0.0004551105546011619,
  "gae_lambda": 0.9658026534691079,
  "gamma": 0.9726461931681419,
  "learning_rate": 8.561047539311345e-05,
  "n_steps": 1024,
  "total_timesteps": 100000
}