{
  "batch_size": 128,
  "clip_range": 0.13600048275870635,
  "ent_coef": 0.0003038535732876673,
  "gae_lambda": 0.96290137887834,
  "gamma": 0.9892617468398275,
  "learning_rate": 0.00023306528390641684,
  "n_steps": 256,
  "total_timesteps": 500000
}