{
  "batch_size": 64,
  "clip_range": 0.237918742471548,
  "ent_coef": 0.0013558586479495514,
  "gae_lambda": 0.9096005211684925,
  "gamma": 0.98754526806117,
  "learning_rate": 1.2179831782611455e-05,
  "n_steps": 256,
  "total_timesteps": 100000
}