{
  "batch_size": 32,
  "clip_range": 0.29029845908270085,
  "ent_coef": 1.7880291274517444e-06,
  "gae_lambda": 0.9430148321418608,
  "gamma": 0.9502161600511052,
  "learning_rate": 2.4276206658946858e-05,
  "n_steps": 256,
  "total_timesteps": 100000
}