{
  "batch_size": 32,
  "clip_range": 0.19081077804421212,
  "ent_coef": 0.001180991914926863,
  "gae_lambda": 0.9058860992356812,
  "gamma": 0.9733942221747327,
  "learning_rate": 1.1911958336186427e-05,
  "n_steps": 512,
  "total_timesteps": 100000
}