{
  "batch_size": 64,
  "clip_range": 0.23717814143833515,
  "ent_coef": 0.00914444636908991,
  "gae_lambda": 0.9492144011041342,
  "gamma": 0.9968431157740928,
  "learning_rate": 0.00021728472115872165,
  "n_steps": 1024,
  "total_timesteps": 500000
}