{
  "batch_size": 128,
  "clip_range": 0.11275716640034948,
  "ent_coef": 8.871201869150292e-05,
  "gae_lambda": 0.9388061141616677,
  "gamma": 0.996105491236126,
  "learning_rate": 4.274895642078925e-05,
  "n_steps": 512,
  "total_timesteps": 500000
}