{
  "batch_size": 32,
  "clip_range": 0.1683912976357556,
  "ent_coef": 1.8859255799231643e-05,
  "gae_lambda": 0.9486584450175569,
  "gamma": 0.970272055665801,
  "learning_rate": 0.00041422397366336887,
  "n_steps": 512,
  "total_timesteps": 100000
}