{
  "batch_size": 64,
  "clip_range": 0.21214098767293013,
  "ent_coef": 7.353653074322983e-06,
  "gae_lambda": 0.9375005767177803,
  "gamma": 0.9549265361151212,
  "learning_rate": 1.0068776013645876e-05,
  "n_steps": 1024,
  "total_timesteps": 100000
}