{
  "batch_size": 64,
  "clip_range": 0.11132178065510562,
  "ent_coef": 2.5568954189897305e-05,
  "gae_lambda": 0.9153629634566667,
  "gamma": 0.9855542767540239,
  "learning_rate": 0.00013043495181867907,
  "n_steps": 2048,
  "total_timesteps": 500000
}