{
  "batch_size": 32,
  "clip_range": 0.26441169266842834,
  "ent_coef": 0.0004164155994879522,
  "gae_lambda": 0.9653402606526792,
  "gamma": 0.9597209411443507,
  "learning_rate": 0.00019801766774190678,
  "n_steps": 256,
  "total_timesteps": 100000
}