{
  "batch_size": 128,
  "clip_range": 0.11786114620809694,
  "ent_coef": 1.755842726303451e-06,
  "gae_lambda": 0.9586873881358192,
  "gamma": 0.9602234907457016,
  "learning_rate": 0.0002416643719154849,
  "n_steps": 128,
  "total_timesteps": 100000
}