{
  "batch_size": 64,
  "clip_range": 0.2010276529916313,
  "ent_coef": 4.034058465004315e-05,
  "gae_lambda": 0.9623723619071659,
  "gamma": 0.9831319881998477,
  "learning_rate": 0.0005136483182746554,
  "n_steps": 512,
  "total_timesteps": 100000
}