{
  "batch_size": 128,
  "clip_range": 0.1426539197360423,
  "ent_coef": 1.54431202067942e-05,
  "gae_lambda": 0.911250458714001,
  "gamma": 0.9792427223338015,
  "learning_rate": 0.00042589090983016233,
  "n_steps": 256,
  "total_timesteps": 100000
}