{
  "batch_size": 128,
  "clip_range": 0.19971185971774108,
  "ent_coef": 1.3113584433543496e-05,
  "gae_lambda": 0.9124246501112426,
  "gamma": 0.9810979230256955,
  "learning_rate": 4.1907678507598404e-05,
  "n_steps": 256,
  "total_timesteps": 100000
}