{
  "batch_size": 128,
  "clip_range": 0.10982912510881962,
  "ent_coef": 1.4646438250827051e-06,
  "gae_lambda": 0.9681222181145587,
  "gamma": 0.9932303551110415,
  "learning_rate": 0.00019395056652150974,
  "n_steps": 1024,
  "total_timesteps": 100000
}