{
  "batch_size": 32,
  "clip_range": 0.2717917572379061,
  "ent_coef": 0.0001390029533788957,
  "gae_lambda": 0.9098855319023357,
  "gamma": 0.9599872874839123,
  "learning_rate": 0.0003456035663131405,
  "n_steps": 1024,
  "total_timesteps": 100000
}