{
  "batch_size": 64,
  "clip_range": 0.26595584262533783,
  "ent_coef": 0.00021250393605312578,
  "gae_lambda": 0.9468071408315587,
  "gamma": 0.9751670210968973,
  "learning_rate": 2.3792829342778828e-05,
  "n_steps": 128,
  "total_timesteps": 100000
}