{
  "batch_size": 64,
  "clip_range": 0.12194699080186136,
  "ent_coef": 5.4708258897115286e-05,
  "gae_lambda": 0.9204271674161101,
  "gamma": 0.96539359498394,
  "learning_rate": 2.621828876939846e-05,
  "n_steps": 1024,
  "total_timesteps": 500000
}