{
  "batch_size": 32,
  "clip_range": 0.2640919348601518,
  "ent_coef": 0.0005971744696345397,
  "gae_lambda": 0.9027584363489727,
  "gamma": 0.9687916965704209,
  "learning_rate": 0.00018519246956715126,
  "n_steps": 1024,
  "total_timesteps": 100000
}