{
  "batch_size": 32,
  "clip_range": 0.206869989649214,
  "ent_coef": 0.009213710226083647,
  "gae_lambda": 0.9852793013178605,
  "gamma": 0.9737036921895276,
  "learning_rate": 6.72334766510296e-05,
  "n_steps": 512,
  "total_timesteps": 100000
}