{
  "batch_size": 64,
  "clip_range": 0.24683688150526809,
  "ent_coef": 0.00010151933030647017,
  "gae_lambda": 0.93429093893658,
  "gamma": 0.995865533940433,
  "learning_rate": 2.850294494342929e-05,
  "n_steps": 512,
  "total_timesteps": 500000
}