{
  "batch_size": 128,
  "clip_range": 0.21766914901215625,
  "ent_coef": 0.0008848282633930527,
  "gae_lambda": 0.9528281344912943,
  "gamma": 0.9921516904231243,
  "learning_rate": 2.813147070329732e-05,
  "n_steps": 1024,
  "total_timesteps": 500000
}