{
  "batch_size": 128,
  "clip_range": 0.21873284068751978,
  "ent_coef": 0.009037433487489033,
  "gae_lambda": 0.9686709000544864,
  "gamma": 0.9633897628224843,
  "learning_rate": 0.00029511643572028494,
  "n_steps": 256,
  "total_timesteps": 100000
}