{
  "batch_size": 64,
  "clip_range": 0.1694200920777697,
  "ent_coef": 1.1844820492020223e-05,
  "gae_lambda": 0.962937917340702,
  "gamma": 0.9903686265040916,
  "learning_rate": 0.00026503477126677244,
  "n_steps": 512,
  "total_timesteps": 500000
}