{
  "batch_size": 128,
  "clip_range": 0.1898535227468901,
  "ent_coef": 1.7559645841487714e-05,
  "gae_lambda": 0.9495961800452546,
  "gamma": 0.9942126765352358,
  "learning_rate": 0.0005096396330831351,
  "n_steps": 1024,
  "total_timesteps": 500000
}