{
  "batch_size": 32,
  "clip_range": 0.15388633221330675,
  "ent_coef": 2.5761751477649947e-05,
  "gae_lambda": 0.9217499482529585,
  "gamma": 0.9637948787511124,
  "learning_rate": 0.0002938211681667569,
  "n_steps": 256,
  "total_timesteps": 100000
}