{
  "batch_size": 32,
  "clip_range": 0.2616847660667875,
  "ent_coef": 2.573440917968696e-06,
  "gae_lambda": 0.9454940668781537,
  "gamma": 0.9573726980673133,
  "learning_rate": 0.0001760134101770787,
  "n_steps": 512,
  "total_timesteps": 100000
}