{
  "batch_size": 128,
  "clip_range": 0.22561654298141856,
  "ent_coef": 0.001422157436175033,
  "gae_lambda": 0.9002602109649293,
  "gamma": 0.9910430280878463,
  "learning_rate": 2.91757133466503e-05,
  "n_steps": 512,
  "total_timesteps": 100000
}