{
  "batch_size": 32,
  "clip_range": 0.15423982113752105,
  "ent_coef": 0.009838921698025613,
  "gae_lambda": 0.9685170156373479,
  "gamma": 0.9838714459573329,
  "learning_rate": 0.00023442911263448242,
  "n_steps": 128,
  "total_timesteps": 100000
}