{
  "batch_size": 128,
  "clip_range": 0.20646079224494832,
  "ent_coef": 0.00027404478555187873,
  "gae_lambda": 0.9335513729695444,
  "gamma": 0.9830330805362617,
  "learning_rate": 0.0009756519409674132,
  "n_steps": 512,
  "total_timesteps": 500000
}