{
  "batch_size": 32,
  "clip_range": 0.11974833852418092,
  "ent_coef": 0.0012146522616404791,
  "gae_lambda": 0.980100434476517,
  "gamma": 0.9587515502090976,
  "learning_rate": 1.0687060751190722e-05,
  "n_steps": 128,
  "total_timesteps": 100000
}