{
  "batch_size": 128,
  "clip_range": 0.27568673389232584,
  "ent_coef": 2.543252305777503e-06,
  "gae_lambda": 0.9343193185930333,
  "gamma": 0.9677187450708525,
  "learning_rate": 0.00014843231645280894,
  "n_steps": 512,
  "total_timesteps": 100000
}