{
  "batch_size": 64,
  "clip_range": 0.19340286146221553,
  "ent_coef": 2.327857150979202e-05,
  "gae_lambda": 0.9085335001277214,
  "gamma": 0.9652936011469091,
  "learning_rate": 0.0004067939702729457,
  "n_steps": 512,
  "total_timesteps": 500000
}